title,link,image_link,variants,exshowroom_price,emi_starts_at
New Hyundai Venue,https://www.carandbike.com/hyundai-cars/venue,./carandbike.com_new-cars_models_6_files/hyundai-venue.webp,25,₹ 7.9 - 15.69 Lakh,"16,397"
Mahindra Bolero 2025,https://www.carandbike.com/mahindra-cars/bolero,./carandbike.com_new-cars_models_6_files/mahindra-bolero.webp,4,₹ 7.99 - 9.69 Lakh,"16,586"
Renault Triber 2025,https://www.carandbike.com/renault-cars/triber,./carandbike.com_new-cars_models_6_files/renault-triber.jpeg,7,₹ 6.14 - 9.42 Lakh,"12,749"
Tata Tiago,https://www.carandbike.com/tata-cars/tiago,./carandbike.com_new-cars_models_6_files/tata-tiago.webp,13,₹ 4.57 - 7.82 Lakh,"9,497"
Tata Harrier,https://www.carandbike.com/tata-cars/harrier,./carandbike.com_new-cars_models_6_files/tata-harrier.webp,23,₹ 14 - 25.25 Lakh,"29,061"
Tata Nexon,https://www.carandbike.com/tata-cars/nexon,./carandbike.com_new-cars_models_6_files/tata-nexon.jpeg,63,₹ 7.32 - 14.7 Lakh,"15,193"
Kia Seltos,https://www.carandbike.com/kia-cars/seltos,./carandbike.com_new-cars_models_6_files/kia-seltos.jpeg,23,₹ 10.79 - 19.81 Lakh,"22,404"
New Hyundai Verna,https://www.carandbike.com/hyundai-cars/verna,./carandbike.com_new-cars_models_6_files/hyundai-verna.webp,17,₹ 10.69 - 16.98 Lakh,"22,195"
Honda City,https://www.carandbike.com/honda-cars/city,./carandbike.com_new-cars_models_6_files/honda-city.webp,8,₹ 11.95 - 16.07 Lakh,"24,812"
Hyundai Grand i10 Nios,https://www.carandbike.com/hyundai-cars/grand-i10-nios,./carandbike.com_new-cars_models_6_files/hyundai-grand-i10-nios.jpeg,16,₹ 5.47 - 7.92 Lakh,"11,361"
Tata Tiago EV,https://www.carandbike.com/tata-cars/tiago-ev,./carandbike.com_new-cars_models_6_files/tata-tiago-ev.jpeg,7,₹ 8.89 - 13.8 Lakh,"18,459"
Toyota Urban Cruiser Hyryder,https://www.carandbike.com/toyota-cars/urban-cruiser-hyryder,./carandbike.com_new-cars_models_6_files/toyota-urban-cruiser-hyryder.jpeg,27,₹ 10.95 - 19.76 Lakh,"22,726"
Maruti Suzuki Alto K10,https://www.carandbike.com/maruti-suzuki-cars/alto-k10,./carandbike.com_new-cars_models_6_files/maruti-suzuki-alto-k10.jpeg,10,₹ 3.7 - 5.45 Lakh,"7,679"
Maruti Suzuki Ertiga,https://www.carandbike.com/maruti-suzuki-cars/ertiga,./carandbike.com_new-cars_models_6_files/maruti-suzuki-ertiga.webp,11,₹ 8.8 - 12.94 Lakh,"18,267"
Kia Carens,https://www.carandbike.com/kia-cars/carens,./carandbike.com_new-cars_models_6_files/kia-carens.jpeg,2,₹ 10.99 - 12.77 Lakh,"22,817"
Tata Punch,https://www.carandbike.com/tata-cars/punch,./carandbike.com_new-cars_models_6_files/tata-punch.jpeg,33,₹ 5.5 - 9.3 Lakh,"11,417"
Mahindra XUV700,https://www.carandbike.com/mahindra-cars/xuv700,./carandbike.com_new-cars_models_6_files/mahindra-xuv700.jpeg,67,₹ 13.66 - 25.19 Lakh,"28,352"
Maruti Suzuki Swift,https://www.carandbike.com/maruti-suzuki-cars/swift,./carandbike.com_new-cars_models_6_files/maruti-suzuki-swift.webp,13,₹ 5.79 - 8.65 Lakh,"12,017"
Toyota Fortuner,https://www.carandbike.com/toyota-cars/fortuner,./carandbike.com_new-cars_models_6_files/toyota-fortuner.jpeg,14,₹ 33.65 - 48.85 Lakh,"69,844"
Toyota Innova Crysta,https://www.carandbike.com/toyota-cars/innova-crysta,./carandbike.com_new-cars_models_6_files/toyota-innova-crysta.jpeg,22,₹ 18.1 - 25.37 Lakh,"37,564"
Hyundai i20,https://www.carandbike.com/hyundai-cars/elite-i20,./carandbike.com_new-cars_models_6_files/hyundai-elite-i20.jpeg,18,₹ 6.87 - 10.52 Lakh,"14,258"
Maruti Suzuki Wagon R,https://www.carandbike.com/maruti-suzuki-cars/wagon-r,./carandbike.com_new-cars_models_6_files/maruti-suzuki-wagon-r.webp,11,₹ 5.16 - 7.94 Lakh,"10,709"
Mahindra Bolero Maxx Pik-Up,https://www.carandbike.com/mahindra-cars/bolero-pik-up,./carandbike.com_new-cars_models_6_files/mahindra-bolero-pik-up.webp,18,₹ 9.28 - 13.18 Lakh,"19,254"
Maruti Suzuki Eeco,https://www.carandbike.com/maruti-suzuki-cars/eeco,./carandbike.com_new-cars_models_6_files/maruti-suzuki-eeco.webp,4,₹ 5.21 - 6.36 Lakh,"10,813"
Tata Altroz 2025,https://www.carandbike.com/tata-cars/altroz,./carandbike.com_new-cars_models_6_files/tata-altroz.webp,22,₹ 6.3 - 10.51 Lakh,"13,086"
Kia EV6,https://www.carandbike.com/kia-cars/ev6,./carandbike.com_new-cars_models_6_files/kia-ev6.webp,1,₹ 76.52 Lakh,"1,58,841"
Renault Kiger,https://www.carandbike.com/renault-cars/kiger,./carandbike.com_new-cars_models_6_files/renault-kiger.webp,15,₹ 6.14 - 11.73 Lakh,"12,749"
Honda Amaze 2nd Gen,https://www.carandbike.com/honda-cars/amaze,./carandbike.com_new-cars_models_6_files/honda-amaze.webp,2,₹ 6.98 - 7.8 Lakh,"14,483"
Hyundai 2024 Alcazar,https://www.carandbike.com/hyundai-cars/alcazar,./carandbike.com_new-cars_models_6_files/hyundai-alcazar.webp,44,₹ 14.47 - 21.1 Lakh,"30,044"
Jeep 2024 Wrangler,https://www.carandbike.com/jeep-cars/wrangler-unlimited,./carandbike.com_new-cars_models_6_files/jeep-wrangler-unlimited.webp,2,₹ 64.08 - 67.81 Lakh,"1,33,020"
Kia Sonet,https://www.carandbike.com/kia-cars/sonet,./carandbike.com_new-cars_models_6_files/kia-sonet.webp,24,₹ 7.3 - 14.09 Lakh,"15,156"
Tata Safari,https://www.carandbike.com/tata-cars/safari,./carandbike.com_new-cars_models_6_files/tata-safari.webp,24,₹ 14.66 - 25.96 Lakh,"30,438"
Tata Nexon EV,https://www.carandbike.com/tata-cars/nexon-ev,./carandbike.com_new-cars_models_6_files/tata-nexon-ev.webp,11,₹ 14.49 - 20.06 Lakh,"30,082"
Jeep Compass,https://www.carandbike.com/jeep-cars/compass,./carandbike.com_new-cars_models_6_files/jeep-compass.webp,22,₹ 17.73 - 30.58 Lakh,"36,805"
Toyota Vellfire,https://www.carandbike.com/toyota-cars/vellfire,./carandbike.com_new-cars_models_6_files/toyota-vellfire.webp,2,₹ 1.2 - 1.3 Crore,"2,48,548"
Hyundai Exter,https://www.carandbike.com/hyundai-cars/exter,./carandbike.com_new-cars_models_6_files/hyundai-exter.webp,44,₹ 5.49 - 9.57 Lakh,"11,391"
Toyota Land Crusier 300 2025,https://www.carandbike.com/toyota-cars/land-cruiser,./carandbike.com_new-cars_models_6_files/toyota-land-cruiser.jpeg,2,₹ 2.16 - 2.25 Crore,"4,47,550"
MG Hector,https://www.carandbike.com/mg-cars/hector,./carandbike.com_new-cars_models_6_files/mg-hector.webp,20,₹ 14 - 21.52 Lakh,"29,062"
Toyota Innova Hycross,https://www.carandbike.com/toyota-cars/innova-hycross,./carandbike.com_new-cars_models_6_files/toyota-innova-hycross.webp,25,₹ 18.06 - 30.93 Lakh,"37,485"
Mahindra Scorpio-N,https://www.carandbike.com/mahindra-cars/scorpio-n,./carandbike.com_new-cars_models_6_files/mahindra-scorpio-n.webp,32,₹ 13.2 - 23.98 Lakh,"27,405"
Range Rover,https://www.carandbike.com/land-rover-cars/range-rover,./carandbike.com_new-cars_models_6_files/land-rover-range-rover.jpeg,5,₹ 2.31 - 4.66 Crore,"4,79,518"
Volkswagen Taigun,https://www.carandbike.com/volkswagen-cars/taigun,./carandbike.com_new-cars_models_6_files/volkswagen-taigun.webp,13,₹ 11.42 - 19.19 Lakh,"23,704"
Skoda Kushaq,https://www.carandbike.com/skoda-cars/kushaq,./carandbike.com_new-cars_models_6_files/skoda-kushaq.webp,32,₹ 10.61 - 18.45 Lakh,"22,027"
Defender,https://www.carandbike.com/land-rover-cars/defender,./carandbike.com_new-cars_models_6_files/land-rover-defender.webp,20,₹ 1 - 2.6 Crore,"2,08,269"
Renault Kwid,https://www.carandbike.com/renault-cars/kwid,./carandbike.com_new-cars_models_6_files/renault-kwid.webp,12,₹ 4.29 - 5.9 Lakh,"8,915"
Maruti Suzuki S-Presso,https://www.carandbike.com/maruti-suzuki-cars/s-presso,./carandbike.com_new-cars_models_6_files/maruti-suzuki-s-presso.webp,8,₹ 3.5 - 5.25 Lakh,"7,263"
Bajaj Qute,https://www.carandbike.com/bajaj-cars/qute,./carandbike.com_new-cars_models_6_files/bajaj-qute.webp,2,₹ 2.82 - 3.06 Lakh,"5,845"
Force Motors Gurkha,https://www.carandbike.com/force-motors-cars/gurkha,./carandbike.com_new-cars_models_6_files/force-motors-gurkha.jpeg,2,₹ 19.46 - 20.92 Lakh,"40,406"
Mahindra Bolero Neo 2025,https://www.carandbike.com/mahindra-cars/bolero-neo,./carandbike.com_new-cars_models_6_files/mahindra-bolero-neo.webp,5,₹ 8.49 - 10.49 Lakh,"17,624"
Tata Tigor,https://www.carandbike.com/tata-cars/tigor,./carandbike.com_new-cars_models_6_files/tata-tigor.webp,14,₹ 5.49 - 8.74 Lakh,"11,396"
Toyota Camry 2025,https://www.carandbike.com/toyota-cars/camry,./carandbike.com_new-cars_models_6_files/toyota-camry.webp,4,₹ 47.48 - 47.62 Lakh,"98,565"
Audi Q7 2025,https://www.carandbike.com/audi-cars/q7,./carandbike.com_new-cars_models_6_files/audi-q7.webp,4,₹ 86.14 - 95.03 Lakh,"1,78,812"
Citroen C3,https://www.carandbike.com/citroen-cars/c3,./carandbike.com_new-cars_models_6_files/citroen-c3.webp,6,₹ 4.8 - 9.05 Lakh,"9,969"
BMW X5,https://www.carandbike.com/bmw-cars/x5,./carandbike.com_new-cars_models_6_files/bmw-x5.webp,4,₹ 1 - 1.16 Crore,"2,06,165"
Maruti Suzuki Jimny,https://www.carandbike.com/maruti-suzuki-cars/jimny,./carandbike.com_new-cars_models_6_files/maruti-suzuki-jimny.jpeg,6,₹ 12.31 - 14.45 Lakh,"25,564"
Maruti Suzuki Fronx,https://www.carandbike.com/maruti-suzuki-cars/fronx,./carandbike.com_new-cars_models_6_files/maruti-suzuki-fronx.webp,14,₹ 6.85 - 11.98 Lakh,"14,217"
Audi Q3,https://www.carandbike.com/audi-cars/q3,./carandbike.com_new-cars_models_6_files/audi-q3.jpeg,4,₹ 43.07 - 52.31 Lakh,"89,406"
BMW X7,https://www.carandbike.com/bmw-cars/x7,./carandbike.com_new-cars_models_6_files/bmw-x7.jpeg,3,₹ 1.33 - 1.4 Crore,"2,76,315"
Mahindra Scorpio Classic,https://www.carandbike.com/mahindra-cars/scorpio-classic,./carandbike.com_new-cars_models_6_files/mahindra-scorpio-classic.webp,4,₹ 12.98 - 16.7 Lakh,"26,938"
Volkswagen Virtus,https://www.carandbike.com/volkswagen-cars/virtus,./carandbike.com_new-cars_models_6_files/volkswagen-virtus.webp,13,₹ 11.2 - 18.78 Lakh,"23,251"
Maruti Suzuki XL6,https://www.carandbike.com/maruti-suzuki-cars/xl6,./carandbike.com_new-cars_models_6_files/maruti-suzuki-xl6.webp,9,₹ 11.52 - 14.47 Lakh,"23,920"
Toyota Glanza,https://www.carandbike.com/toyota-cars/glanza,./carandbike.com_new-cars_models_6_files/toyota-glanza.jpeg,9,₹ 6.39 - 9.15 Lakh,"13,271"
Maruti Suzuki Baleno,https://www.carandbike.com/maruti-suzuki-cars/baleno,./carandbike.com_new-cars_models_6_files/maruti-suzuki-baleno.webp,9,₹ 5.99 - 9.1 Lakh,"12,432"
Mahindra Bolero Camper,https://www.carandbike.com/mahindra-cars/bolero-camper,./carandbike.com_new-cars_models_6_files/mahindra-bolero-camper.webp,3,₹ 9.96 - 12.51 Lakh,"20,665"
Volvo XC90,https://www.carandbike.com/volvo-cars/xc90,./carandbike.com_new-cars_models_6_files/volvo-xc90.webp,1,₹ 1.13 Crore,"2,33,881"
Maruti Suzuki Celerio,https://www.carandbike.com/maruti-suzuki-cars/celerio,./carandbike.com_new-cars_models_6_files/maruti-suzuki-celerio.webp,8,₹ 4.7 - 6.73 Lakh,"9,754"
Audi A4,https://www.carandbike.com/audi-cars/a4,./carandbike.com_new-cars_models_6_files/audi-a4.webp,5,₹ 46.25 - 55.11 Lakh,"96,007"
MG Gloster,https://www.carandbike.com/mg-cars/gloster,./carandbike.com_new-cars_models_6_files/mg-gloster.webp,5,₹ 38.33 - 42.49 Lakh,"79,567"
Maruti Suzuki Ignis,https://www.carandbike.com/maruti-suzuki-cars/ignis,./carandbike.com_new-cars_models_6_files/maruti-suzuki-ignis.webp,11,₹ 5.02 - 7.55 Lakh,"10,425"
Maruti Suzuki Ciaz,https://www.carandbike.com/maruti-suzuki-cars/ciaz,./carandbike.com_new-cars_models_6_files/maruti-suzuki-ciaz.webp,9,₹ 9.09 - 11.89 Lakh,"18,869"
Lamborghini Urus,https://www.carandbike.com/lamborghini-cars/urus,./carandbike.com_new-cars_models_6_files/lamborghini-urus.webp,2,₹ 4.75 - 4.8 Crore,"9,86,422"
Isuzu D-Max,https://www.carandbike.com/isuzu-cars/d-max,./carandbike.com_new-cars_models_6_files/isuzu-d-max.webp,6,₹ 10.14 - 20.35 Lakh,"21,050"
Skoda Kodiaq 2025,https://www.carandbike.com/skoda-cars/kodiaq,./carandbike.com_new-cars_models_6_files/skoda-kodiaq.webp,3,₹ 39.99 - 45.96 Lakh,"83,013"
BMW M340i,https://www.carandbike.com/bmw-cars/3-series,./carandbike.com_new-cars_models_6_files/bmw-3-series.webp,3,₹ 65.01 - 79.53 Lakh,"1,34,951"
Honda Elevate,https://www.carandbike.com/honda-cars/elevate,./carandbike.com_new-cars_models_6_files/honda-elevate.webp,17,₹ 11 - 16.67 Lakh,"22,832"
Maruti Suzuki Invicto,https://www.carandbike.com/maruti-suzuki-cars/invicto,./carandbike.com_new-cars_models_6_files/maruti-suzuki-invicto.webp,3,₹ 24.97 - 28.61 Lakh,"51,842"
BMW Z4,https://www.carandbike.com/bmw-cars/z4,./carandbike.com_new-cars_models_6_files/bmw-z4.webp,3,₹ 94.53 Lakh - 1.05 Crore,"1,96,227"
MG Comet EV,https://www.carandbike.com/mg-cars/comet-ev,./carandbike.com_new-cars_models_6_files/mg-comet-ev.webp,6,₹ 7.5 - 10 Lakh,"15,565"
BMW X1,https://www.carandbike.com/bmw-cars/x1,./carandbike.com_new-cars_models_6_files/bmw-x1.webp,3,₹ 55.5 - 75.13 Lakh,"1,15,199"
Hyundai Ioniq 5,https://www.carandbike.com/hyundai-cars/ioniq-5,./carandbike.com_new-cars_models_6_files/hyundai-ioniq-5.webp,1,₹ 53.71 Lakh,"1,11,489"
BMW 7 Series,https://www.carandbike.com/bmw-cars/7-series,./carandbike.com_new-cars_models_6_files/bmw-7-series.webp,2,₹ 1.93 - 2.01 Crore,"4,00,592"
Jeep Grand Cherokee,https://www.carandbike.com/jeep-cars/grand-cherokee,./carandbike.com_new-cars_models_6_files/jeep-grand-cherokee.webp,1,₹ 63 Lakh,"1,30,778"
Volvo XC60,https://www.carandbike.com/volvo-cars/xc60,./carandbike.com_new-cars_models_6_files/volvo-xc60.webp,1,₹ 76.29 Lakh,"1,58,370"
Toyota Hilux,https://www.carandbike.com/toyota-cars/hilux,./carandbike.com_new-cars_models_6_files/toyota-hilux.webp,4,₹ 28.02 - 35.37 Lakh,"58,173"
MG ZS EV,https://www.carandbike.com/mg-cars/zs-ev,./carandbike.com_new-cars_models_6_files/mg-zs-ev.webp,7,₹ 17.99 - 20.5 Lakh,"37,344"
BMW X3,https://www.carandbike.com/bmw-cars/x3,./carandbike.com_new-cars_models_6_files/bmw-x3.webp,2,₹ 75.55 - 79.27 Lakh,"1,56,828"
BMW iX,https://www.carandbike.com/bmw-cars/ix,./carandbike.com_new-cars_models_6_files/bmw-ix.webp,1,₹ 1.62 Crore,"3,35,893"
Audi Q5,https://www.carandbike.com/audi-cars/q5,./carandbike.com_new-cars_models_6_files/audi-q5.webp,3,₹ 64.74 - 69.86 Lakh,"1,34,390"
MG Astor,https://www.carandbike.com/mg-cars/astor,./carandbike.com_new-cars_models_6_files/mg-astor.webp,9,₹ 9.65 - 15.36 Lakh,"20,032"
Tata Tigor EV,https://www.carandbike.com/tata-cars/tigor-ev,./carandbike.com_new-cars_models_6_files/tata-tigor-ev.webp,1,₹ 15.07 Lakh,"31,286"
Isuzu D-Max V-Cross,https://www.carandbike.com/isuzu-cars/d-max-v-cross,./carandbike.com_new-cars_models_6_files/isuzu-d-max-v-cross.webp,5,₹ 19.73 - 35.97 Lakh,"40,960"
BMW 6 Series Gran Turismo,https://www.carandbike.com/bmw-cars/6-series-gran-turismo,./carandbike.com_new-cars_models_6_files/bmw-6-series-gran-turismo.webp,4,₹ 79.04 - 86.72 Lakh,"1,64,082"
Audi A6,https://www.carandbike.com/audi-cars/a6,./carandbike.com_new-cars_models_6_files/audi-a6.webp,4,₹ 63.74 - 70.79 Lakh,"1,32,314"
Mahindra Marazzo,https://www.carandbike.com/mahindra-cars/marazzo,./carandbike.com_new-cars_models_6_files/mahindra-marazzo.webp,6,₹ 14.06 - 16.38 Lakh,"29,184"
Mahindra Bolero Big Pik-Up,https://www.carandbike.com/mahindra-cars/bolero-big-pik-up,./carandbike.com_new-cars_models_6_files/mahindra-bolero-big-pik-up.webp,3,₹ 9.87 - 10.17 Lakh,"20,480"
Range Rover Sport,https://www.carandbike.com/land-rover-cars/range-rover-sport,./carandbike.com_new-cars_models_6_files/land-rover-range-rover-sport.webp,4,₹ 1.38 - 2.75 Crore,"2,85,773"
BMW 2 Series Gran Coupe,https://www.carandbike.com/bmw-cars/2-series-gran-coupe,./carandbike.com_new-cars_models_6_files/bmw-2-series-gran-coupe.webp,2,₹ 48.72 - 50.76 Lakh,"1,01,131"
Lexus LX,https://www.carandbike.com/lexus-cars/lx,./carandbike.com_new-cars_models_6_files/lexus-lx.webp,2,₹ 2.8 - 2.91 Crore,"5,81,234"
BMW M5,https://www.carandbike.com/bmw-cars/m5,./carandbike.com_new-cars_models_6_files/bmw-m5.webp,1,₹ 2.21 Crore,"4,57,880"
Nissan Magnite,https://www.carandbike.com/nissan-cars/magnite,./carandbike.com_new-cars_models_6_files/nissan-magnite.webp,40,₹ 5.62 - 10.76 Lakh,"11,659"
Audi Q8,https://www.carandbike.com/audi-cars/q8,./carandbike.com_new-cars_models_6_files/audi-q8.webp,1,₹ 1.1 Crore,"2,27,636"
Tata Curvv EV,https://www.carandbike.com/tata-cars/curvv-ev,./carandbike.com_new-cars_models_6_files/tata-curvv-ev.webp,8,₹ 20.31 - 25.82 Lakh,"42,155"
Nissan X-Trail,https://www.carandbike.com/nissan-cars/x-trail,./carandbike.com_new-cars_models_6_files/nissan-x-trail.webp,1,₹ 54.75 Lakh,"1,13,651"
BMW 5 Series,https://www.carandbike.com/bmw-cars/5-series,./carandbike.com_new-cars_models_6_files/bmw-5-series.webp,1,₹ 77.81 Lakh,"1,61,515"
BMW M4,https://www.carandbike.com/bmw-cars/m4,./carandbike.com_new-cars_models_6_files/bmw-m4.webp,2,₹ 1.64 - 1.92 Crore,"3,39,986"
Citroen Aircross,https://www.carandbike.com/citroen-cars/c3-aircross,./carandbike.com_new-cars_models_6_files/citroen-c3-aircross.webp,17,₹ 8.32 - 14.1 Lakh,"17,271"
Range Rover Velar,https://www.carandbike.com/land-rover-cars/range-rover-velar,./carandbike.com_new-cars_models_6_files/land-rover-range-rover-velar.webp,3,₹ 79.24 - 83.91 Lakh,"1,64,489"
Porsche Cayenne,https://www.carandbike.com/porsche-cars/cayenne,./carandbike.com_new-cars_models_6_files/porsche-cayenne.webp,3,₹ 1.69 - 2.36 Crore,"3,51,625"
Mahindra XUV400,https://www.carandbike.com/mahindra-cars/xuv400,./carandbike.com_new-cars_models_6_files/mahindra-xuv400.webp,5,₹ 15.49 - 17.69 Lakh,"32,155"
BMW i7,https://www.carandbike.com/bmw-cars/i7,./carandbike.com_new-cars_models_6_files/bmw-i7.webp,2,₹ 2.36 - 2.9 Crore,"4,89,591"
Citroen C5 Aircross,https://www.carandbike.com/citroen-cars/c5-aircross,./carandbike.com_new-cars_models_6_files/citroen-c5-aircross.webp,2,₹ 46.47 Lakh,"96,454"
Skoda Slavia,https://www.carandbike.com/skoda-cars/slavia,./carandbike.com_new-cars_models_6_files/skoda-slavia.webp,26,₹ 10 - 17.7 Lakh,"20,756"
Tata Tiago NRG,https://www.carandbike.com/tata-cars/tiago-nrg,./carandbike.com_new-cars_models_6_files/tata-tiago-nrg.webp,4,₹ 6.68 - 8.1 Lakh,"13,864"
Jaguar F-Pace,https://www.carandbike.com/jaguar-cars/f-pace,./carandbike.com_new-cars_models_6_files/jaguar-f-pace.webp,2,₹ 82.88 - 84.7 Lakh,"1,72,041"
MINI Countryman,https://www.carandbike.com/mini-cars/countryman,./carandbike.com_new-cars_models_6_files/mini-countryman.webp,1,₹ 64.9 Lakh,"1,34,722"
Discovery Sport,https://www.carandbike.com/land-rover-cars/discovery-sport,./carandbike.com_new-cars_models_6_files/land-rover-discovery-sport.webp,2,₹ 72.05 - 73.63 Lakh,"1,49,560"
Kia Carnival,https://www.carandbike.com/kia-cars/carnival,./carandbike.com_new-cars_models_6_files/kia-carnival.webp,1,₹ 59.42 Lakh,"1,23,356"
Porsche 911,https://www.carandbike.com/porsche-cars/911,./carandbike.com_new-cars_models_6_files/porsche-911.webp,4,₹ 2 - 3.8 Crore,"4,14,835"
Range Rover Evoque,https://www.carandbike.com/land-rover-cars/range-rover-evoque,./carandbike.com_new-cars_models_6_files/land-rover-range-rover-evoque.webp,2,₹ 73.75 - 75.37 Lakh,"1,53,084"
Porsche Panamera,https://www.carandbike.com/porsche-cars/panamera,./carandbike.com_new-cars_models_6_files/porsche-panamera.webp,2,₹ 2.05 - 2.81 Crore,"4,24,780"
Mercedes-Benz E-Class,https://www.carandbike.com/mercedes-benz-cars/e-class,./carandbike.com_new-cars_models_6_files/mercedes-benz-e-class.webp,3,₹ 83 - 96.9 Lakh,"1,72,294"
Mercedes-AMG GLC 43 Coupe,https://www.carandbike.com/mercedes-amg-cars/glc-43-coupe,./carandbike.com_new-cars_models_6_files/mercedes-amg-glc-43-coupe.webp,1,₹ 1.17 Crore,"2,42,286"
Porsche Taycan,https://www.carandbike.com/porsche-cars/taycan,./carandbike.com_new-cars_models_6_files/porsche-taycan.webp,3,₹ 1.97 - 3.12 Crore,"4,09,330"
Volvo EX30 Recharge,https://www.carandbike.com/volvo-cars/ex30-recharge,./carandbike.com_new-cars_models_6_files/volvo-ex30-recharge.webp,1,₹ 39.99 Lakh,"83,013"
Mercedes-Benz GLA,https://www.carandbike.com/mercedes-benz-cars/gla-class,./carandbike.com_new-cars_models_6_files/mercedes-benz-gla-class.webp,3,₹ 51.5 - 56.5 Lakh,"1,06,906"
Tata Punch EV,https://www.carandbike.com/tata-cars/punch-ev,./carandbike.com_new-cars_models_6_files/tata-punch-ev.webp,20,₹ 11.12 - 16.75 Lakh,"23,078"
Mercedes-Benz GLE,https://www.carandbike.com/mercedes-benz-cars/gle-class,./carandbike.com_new-cars_models_6_files/mercedes-benz-gle-class.webp,3,₹ 1.03 - 1.2 Crore,"2,13,811"
Toyota Rumion,https://www.carandbike.com/toyota-cars/rumion,./carandbike.com_new-cars_models_6_files/toyota-rumion.webp,7,₹ 10.44 - 13.62 Lakh,"21,676"
BMW M2 2025,https://www.carandbike.com/bmw-cars/m2,./carandbike.com_new-cars_models_6_files/bmw-m2.webp,1,₹ 1.08 Crore,"2,23,795"
Lexus RX,https://www.carandbike.com/lexus-cars/rx,./carandbike.com_new-cars_models_6_files/lexus-rx.webp,2,₹ 89.99 Lakh - 1.09 Crore,"1,86,804"
Citroen eC3,https://www.carandbike.com/citroen-cars/ec3,./carandbike.com_new-cars_models_6_files/citroen-ec3.webp,7,₹ 12.9 - 13.53 Lakh,"26,778"
Bentley Bentayga,https://www.carandbike.com/bentley-cars/bentayga,./carandbike.com_new-cars_models_6_files/bentley-bentayga.webp,3,₹ 5.48 - 5.6 Crore,"11,37,645"
MG Hector Plus,https://www.carandbike.com/mg-cars/hector-plus,./carandbike.com_new-cars_models_6_files/mg-hector-plus.webp,24,₹ 16.05 - 21.34 Lakh,"33,317"
BMW XM,https://www.carandbike.com/bmw-cars/xm,./carandbike.com_new-cars_models_6_files/bmw-xm.webp,2,₹ 2.76 - 3.42 Crore,"5,72,989"
BYD Atto 3 EV 2025,https://www.carandbike.com/byd-cars/atto-3-ev,./carandbike.com_new-cars_models_6_files/byd-atto-3-ev.webp,3,₹ 28.99 - 39.43 Lakh,"60,179"
BMW i4,https://www.carandbike.com/bmw-cars/i4,./carandbike.com_new-cars_models_6_files/bmw-i4.webp,2,₹ 84.24 - 90.05 Lakh,"1,74,860"
Mercedes-Benz C-Class,https://www.carandbike.com/mercedes-benz-cars/c-class,./carandbike.com_new-cars_models_6_files/mercedes-benz-c-class.webp,3,₹ 61 - 68 Lakh,"1,26,626"
Lexus NX,https://www.carandbike.com/lexus-cars/nx,./carandbike.com_new-cars_models_6_files/lexus-nx.webp,4,₹ 66.59 - 73.4 Lakh,"1,38,230"
Porsche Macan,https://www.carandbike.com/porsche-cars/macan,./carandbike.com_new-cars_models_6_files/porsche-macan.webp,1,₹ 1 Crore,"2,07,817"
Hyundai i20 N Line,https://www.carandbike.com/hyundai-cars/i20-n-line,./carandbike.com_new-cars_models_6_files/hyundai-i20-n-line.webp,8,₹ 9.14 - 11.6 Lakh,"18,979"
Discovery,https://www.carandbike.com/land-rover-cars/discovery,./carandbike.com_new-cars_models_6_files/land-rover-discovery.webp,3,₹ 1.46 - 1.59 Crore,"3,02,087"
Isuzu MU-X,https://www.carandbike.com/isuzu-cars/mu-x,./carandbike.com_new-cars_models_6_files/isuzu-mu-x.webp,2,₹ 40.67 - 44.04 Lakh,"84,418"
Ferrari Portofino,https://www.carandbike.com/ferrari-cars/portofino,./carandbike.com_new-cars_models_6_files/ferrari-portofino.webp,1,₹ 3.31 Crore,"6,87,270"
Bentley Continental,https://www.carandbike.com/bentley-cars/continental,./carandbike.com_new-cars_models_6_files/bentley-continental.webp,8,₹ 3.77 - 5.03 Crore,"7,83,112"
Aston Martin V12 Vanquish,https://www.carandbike.com/aston-martin-cars/v12-vanquish,./carandbike.com_new-cars_models_6_files/aston-martin-v12-vanquish.webp,1,₹ 8.37 Crore,"17,37,811"
Mercedes-AMG C 63,https://www.carandbike.com/mercedes-amg-cars/c-63-s,./carandbike.com_new-cars_models_6_files/mercedes-amg-c-63-s.webp,1,₹ 1.95 Crore,"4,04,788"
Jeep Meridian,https://www.carandbike.com/jeep-cars/meridian,./carandbike.com_new-cars_models_6_files/jeep-meridian.webp,12,₹ 23.33 - 36.21 Lakh,"48,429"
Mercedes-AMG G 63,https://www.carandbike.com/mercedes-amg-cars/g-63,./carandbike.com_new-cars_models_6_files/mercedes-amg-g-63.webp,2,₹ 3.85 - 4.01 Crore,"7,99,197"
Kia EV9,https://www.carandbike.com/kia-cars/ev9,./carandbike.com_new-cars_models_6_files/kia-ev9.webp,1,₹ 1.51 Crore,"3,12,778"
Mercedes-Benz GLS,https://www.carandbike.com/mercedes-benz-cars/gls,./carandbike.com_new-cars_models_6_files/mercedes-benz-gls.webp,4,₹ 1.37 - 1.44 Crore,"2,84,389"
Mercedes-AMG C 43,https://www.carandbike.com/mercedes-amg-cars/c-43,./carandbike.com_new-cars_models_6_files/mercedes-amg-c-43.webp,1,₹ 1 Crore,"2,06,338"
McLaren Artura,https://www.carandbike.com/mclaren-cars/artura,./carandbike.com_new-cars_models_6_files/mclaren-artura.webp,1,₹ 5.68 Crore,"11,79,929"
Audi Q3 Sportback,https://www.carandbike.com/audi-cars/q3-sportback,./carandbike.com_new-cars_models_6_files/audi-q3-sportback.webp,2,₹ 53.55 - 53.86 Lakh,"1,11,161"
Mercedes-Maybach S-Class,https://www.carandbike.com/mercedes-maybach-cars/s-class,./carandbike.com_new-cars_models_6_files/mercedes-maybach-s-class.webp,2,₹ 2.9 - 3.67 Crore,"6,01,992"
Mercedes-Benz S-Class,https://www.carandbike.com/mercedes-benz-cars/s-class,./carandbike.com_new-cars_models_6_files/mercedes-benz-s-class.webp,2,₹ 1.88 - 1.99 Crore,"3,90,257"
Audi S5,https://www.carandbike.com/audi-cars/s5,./carandbike.com_new-cars_models_6_files/audi-s5.webp,2,₹ 73.57 - 80.5 Lakh,"1,52,719"
Aston Martin DBX,https://www.carandbike.com/aston-martin-cars/dbx,./carandbike.com_new-cars_models_6_files/aston-martin-dbx.webp,1,₹ 4.38 Crore,"9,09,160"
Audi RS Q8,https://www.carandbike.com/audi-cars/rs-q8,./carandbike.com_new-cars_models_6_files/audi-rs-q8.webp,1,₹ 2.32 Crore,"4,82,424"
Mercedes-AMG GT,https://www.carandbike.com/mercedes-amg-cars/gt,./carandbike.com_new-cars_models_6_files/mercedes-amg-gt.webp,2,₹ 3.05 - 3.65 Crore,"6,33,130"
BMW M8,https://www.carandbike.com/bmw-cars/m8,./carandbike.com_new-cars_models_6_files/bmw-m8.webp,1,₹ 2.56 Crore,"5,32,185"
Mercedes-Benz GLC,https://www.carandbike.com/mercedes-benz-cars/glc,./carandbike.com_new-cars_models_6_files/mercedes-benz-glc.webp,2,₹ 79.25 Lakh,"1,64,510"
Maserati Levante,https://www.carandbike.com/maserati-cars/levante,./carandbike.com_new-cars_models_6_files/maserati-levante.webp,6,₹ 1.61 - 1.82 Crore,"3,35,106"
Lexus ES,https://www.carandbike.com/lexus-cars/es,./carandbike.com_new-cars_models_6_files/lexus-es.jpeg,2,₹ 62.65 - 68.23 Lakh,"1,30,051"
Rolls-Royce Ghost,https://www.carandbike.com/rolls-royce-cars/ghost,./carandbike.com_new-cars_models_6_files/rolls-royce-ghost.webp,3,₹ 10.16 - 11.94 Crore,"21,08,515"
Bentley Flying Spur,https://www.carandbike.com/bentley-cars/flying-spur,./carandbike.com_new-cars_models_6_files/bentley-flying-spur.webp,1,₹ 6.1 Crore,"12,66,170"
Maserati Quattroporte,https://www.carandbike.com/maserati-cars/quattroporte,./carandbike.com_new-cars_models_6_files/maserati-quattroporte.webp,7,₹ 1.89 - 2.91 Crore,"3,91,312"
Rolls-Royce Phantom,https://www.carandbike.com/rolls-royce-cars/phantom,./carandbike.com_new-cars_models_6_files/rolls-royce-phantom.webp,2,₹ 10.86 - 12.97 Crore,"22,54,174"
Mercedes-AMG GLE Coupe,https://www.carandbike.com/mercedes-amg-cars/gle-coupe,./carandbike.com_new-cars_models_6_files/mercedes-amg-gle-coupe.webp,3,₹ 1.55 - 9.13 Crore,"3,21,755"
Porsche Cayenne Electric,https://www.carandbike.com/porsche-cars/cayenne-electric,./carandbike.com_new-cars_models_6_files/porsche-cayenne-electric.webp,2,₹ 1.75 - 2.25 Crore,"3,63,271"
Maserati Grecale Folgore,https://www.carandbike.com/maserati-cars/grecale-folgore,./carandbike.com_new-cars_models_6_files/maserati-grecale-folgore.webp,2,₹ 3.05 - 3.18 Crore,"6,33,130"
Skoda Octavia RS,https://www.carandbike.com/skoda-cars/octavia-rs,./carandbike.com_new-cars_models_6_files/skoda-octavia-rs.webp,1,₹ 49.99 Lakh,"1,03,771"
Maserati MCPura,https://www.carandbike.com/maserati-cars/mcpura,./carandbike.com_new-cars_models_6_files/maserati-mcpura.webp,2,₹ 4.12 - 5.12 Crore,"8,55,244"
Citroen Aircross X,https://www.carandbike.com/citroen-cars/aircross-x,./carandbike.com_new-cars_models_6_files/citroen-aircross-x.webp,7,₹ 8.29 - 13.69 Lakh,"17,209"
Maruti Suzuki Victoris,https://www.carandbike.com/maruti-suzuki-cars/victoris,./carandbike.com_new-cars_models_6_files/maruti-suzuki-victoris.webp,35,₹ 10.5 - 19.99 Lakh,"21,794"
VinFast VF7,https://www.carandbike.com/vinfast-cars/vf7,./carandbike.com_new-cars_models_6_files/vinfast-vf7.webp,5,₹ 24.23 - 29.57 Lakh,"50,307"
VinFast VF6,https://www.carandbike.com/vinfast-cars/vf6,./carandbike.com_new-cars_models_6_files/vinfast-vf6.webp,3,₹ 19.13 - 21.22 Lakh,"39,713"
Citroen Basalt X,https://www.carandbike.com/citroen-cars/basalt-x,./carandbike.com_new-cars_models_6_files/citroen-basalt-x.webp,8,₹ 7.95 - 13.11 Lakh,"16,503"
Mercedes-AMG CLE 53,https://www.carandbike.com/mercedes-amg-cars/cle-53,./carandbike.com_new-cars_models_6_files/mercedes-amg-cle-53.webp,1,₹ 1.35 Crore,"2,80,238"
MG M9 EV,https://www.carandbike.com/mg-cars/m9-ev,./carandbike.com_new-cars_models_6_files/mg-m9-ev.webp,1,₹ 81.08 Lakh,"1,68,312"
Tesla Model Y,https://www.carandbike.com/tesla-cars/model-y,./carandbike.com_new-cars_models_6_files/tesla-model-y.webp,2,₹ 69.47 - 78.75 Lakh,"1,44,210"
Kia Carens Clavis EV,https://www.carandbike.com/kia-cars/carens-clavis-ev,./carandbike.com_new-cars_models_6_files/kia-carens-clavis-ev.webp,6,₹ 17.99 - 24.49 Lakh,"37,344"
Volkswagen Golf GTI,https://www.carandbike.com/volkswagen-cars/golf-gti,./carandbike.com_new-cars_models_6_files/volkswagen-golf-gti.webp,1,₹ 50.91 Lakh,"1,05,679"
Kia Carens Clavis,https://www.carandbike.com/kia-cars/carens-clavis,./carandbike.com_new-cars_models_6_files/kia-carens-clavis.webp,28,₹ 11.08 - 20.71 Lakh,"22,997"
Lamborghini Temerario,https://www.carandbike.com/lamborghini-cars/temerario,./carandbike.com_new-cars_models_6_files/lamborghini-temerario.webp,1,₹ 5.87 Crore,"12,19,372"
Volkswagen Tiguan R-Line,https://www.carandbike.com/volkswagen-cars/tiguan-r-line,./carandbike.com_new-cars_models_6_files/volkswagen-tiguan-r-line.webp,1,₹ 45.73 Lakh,"94,928"
Mercedes-Maybach SL 680,https://www.carandbike.com/mercedes-maybach-cars/sl-680,./carandbike.com_new-cars_models_6_files/mercedes-maybach-sl-680.webp,1,₹ 4.35 Crore,"9,02,988"
Ferrari 12Cilindri,https://www.carandbike.com/ferrari-cars/12cilindri,./carandbike.com_new-cars_models_6_files/ferrari-12cilindri.webp,2,₹ 8.5 - 9.15 Crore,"17,64,460"
Maserati GranTurismo,https://www.carandbike.com/maserati-cars/granturismo,./carandbike.com_new-cars_models_6_files/maserati-granturismo.webp,2,₹ 3.09 - 3.3 Crore,"6,41,886"
BMW 7 Protection,https://www.carandbike.com/bmw-cars/7-protection,./carandbike.com_new-cars_models_6_files/bmw-7-protection.webp,1,₹ 18.28 Crore,"37,94,886"
Ferrari 296 GTS,https://www.carandbike.com/ferrari-cars/296-gts,./carandbike.com_new-cars_models_6_files/ferrari-296-gts.webp,1,₹ 5.9 Crore,"12,25,304"
Ferrari 296 GTB,https://www.carandbike.com/ferrari-cars/296-gtb,./carandbike.com_new-cars_models_6_files/ferrari-296-gtb.webp,1,₹ 5.11 Crore,"10,60,359"
Ferrari Roma,https://www.carandbike.com/ferrari-cars/roma,./carandbike.com_new-cars_models_6_files/ferrari-roma.webp,1,₹ 3.56 Crore,"7,38,324"
New Hyundai Venue N Line,https://www.carandbike.com/hyundai-cars/venue-n-line,./carandbike.com_new-cars_models_6_files/hyundai-venue-n-line.webp,6,₹ 10.55 - 15.48 Lakh,"21,908"
BYD Sealion 7,https://www.carandbike.com/byd-cars/sealion-7,./carandbike.com_new-cars_models_6_files/byd-sealion-7.webp,2,₹ 56.72 - 63.68 Lakh,"1,17,749"
Kia Syros,https://www.carandbike.com/kia-cars/syros,./carandbike.com_new-cars_models_6_files/kia-syros.webp,13,₹ 8.67 - 15.94 Lakh,"17,999"
MG Cyberster,https://www.carandbike.com/mg-cars/cyberster,./carandbike.com_new-cars_models_6_files/mg-cyberster.webp,1,₹ 75 Lakh,"1,55,684"
Hyundai Creta EV,https://www.carandbike.com/hyundai-cars/creta-ev,./carandbike.com_new-cars_models_6_files/hyundai-creta-ev.webp,25,₹ 18.02 - 24.55 Lakh,"37,411"
Lotus Emeya,https://www.carandbike.com/lotus-cars/emeya,./carandbike.com_new-cars_models_6_files/lotus-emeya.webp,3,₹ 2.34 Crore,"4,84,730"
BMW ix1 L,https://www.carandbike.com/bmw-cars/ix1-l,./carandbike.com_new-cars_models_6_files/bmw-ix1-l.webp,1,₹ 57.88 Lakh,"1,20,157"
Mercedes-Benz G 580 EV,https://www.carandbike.com/mercedes-benz-cars/g-580-ev,./carandbike.com_new-cars_models_6_files/mercedes-benz-g-580-ev.webp,1,₹ 3.1 Crore,"6,43,509"
Maruti Suzuki Dzire 2025,https://www.carandbike.com/maruti-suzuki-cars/2025-new-dzire,./carandbike.com_new-cars_models_6_files/maruti-suzuki-2025-new-dzire.webp,9,₹ 6.26 - 9.31 Lakh,"12,986"
Skoda Kylaq,https://www.carandbike.com/skoda-cars/kylaq,./carandbike.com_new-cars_models_6_files/skoda-kylaq.webp,14,₹ 7.55 - 12.8 Lakh,"15,665"
BYD eMAX 7,https://www.carandbike.com/byd-cars/emax-7,./carandbike.com_new-cars_models_6_files/byd-emax-7.webp,4,₹ 31.21 - 34.69 Lakh,"64,778"
MG Windsor EV,https://www.carandbike.com/mg-cars/windsor-ev,./carandbike.com_new-cars_models_6_files/mg-windsor-ev.webp,5,₹ 14 - 17.25 Lakh,"29,058"
Volvo EX40,https://www.carandbike.com/volvo-cars/ex40,./carandbike.com_new-cars_models_6_files/volvo-ex40.webp,2,₹ 65.07 - 67.16 Lakh,"1,35,085"
Mercedes-Maybach 2024 EQS Electric,https://www.carandbike.com/mercedes-maybach-cars/eqs-electric,./carandbike.com_new-cars_models_6_files/mercedes-maybach-eqs-electric.webp,2,₹ 2.4 - 2.63 Crore,"4,98,201"
Tata Curvv,https://www.carandbike.com/tata-cars/curvv,./carandbike.com_new-cars_models_6_files/tata-curvv.webp,33,₹ 9.66 - 18.54 Lakh,"20,046"
Lamborghini Urus SE,https://www.carandbike.com/lamborghini-cars/urus-se,./carandbike.com_new-cars_models_6_files/lamborghini-urus-se.webp,1,₹ 4.47 Crore,"9,28,755"
Mercedes-Benz CLE Cabriolet,https://www.carandbike.com/mercedes-benz-cars/cle-cabriolet,./carandbike.com_new-cars_models_6_files/mercedes-benz-cle-cabriolet.webp,1,₹ 1.17 Crore,"2,42,873"
Maserati Grecale,https://www.carandbike.com/maserati-cars/grecale,./carandbike.com_new-cars_models_6_files/maserati-grecale.webp,3,₹ 1.49 - 2.33 Crore,"3,09,148"
Porsche Macan Electric,https://www.carandbike.com/porsche-cars/macan-electric,./carandbike.com_new-cars_models_6_files/porsche-macan-electric.webp,3,₹ 1.41 - 1.96 Crore,"2,93,324"
Mercedes-AMG S 63 E Performance,https://www.carandbike.com/mercedes-amg-cars/s-63-e-performance,./carandbike.com_new-cars_models_6_files/mercedes-amg-s-63-e-performance.webp,1,₹ 3.34 Crore,"6,93,329"
BMW i5,https://www.carandbike.com/bmw-cars/i5,./carandbike.com_new-cars_models_6_files/bmw-i5.webp,1,₹ 1.38 Crore,"2,86,534"
Lamborghini Revuelto,https://www.carandbike.com/lamborghini-cars/revuelto,./carandbike.com_new-cars_models_6_files/lamborghini-revuelto.webp,1,₹ 8.7 Crore,"18,06,703"
Lotus Eletre,https://www.carandbike.com/lotus-cars/eletre,./carandbike.com_new-cars_models_6_files/lotus-eletre.webp,3,₹ 2.55 - 2.99 Crore,"5,29,338"
Honda City Hybrid eHEV,https://www.carandbike.com/honda-cars/city-hybrid-ehev,./carandbike.com_new-cars_models_6_files/honda-city-hybrid-ehev.webp,1,₹ 19.48 Lakh,"40,441"
Tata Harrier EV,https://www.carandbike.com/tata-cars/harrier-ev,./carandbike.com_new-cars_models_6_files/tata-harrier-ev.webp,16,₹ 24.93 - 35.07 Lakh,"51,752"
Lotus Emira,https://www.carandbike.com/lotus-cars/emira,./carandbike.com_new-cars_models_6_files/lotus-emira.webp,2,₹ 1.93 - 2.27 Crore,"4,01,182"
Mercedes-Benz EQS SUV,https://www.carandbike.com/mercedes-benz-cars/eqs-suv,./carandbike.com_new-cars_models_6_files/mercedes-benz-eqs-suv.webp,2,₹ 1.33 - 1.48 Crore,"2,77,124"
MINI Countryman E,https://www.carandbike.com/mini-cars/countryman-e,./carandbike.com_new-cars_models_6_files/mini-countryman-e.webp,2,₹ 63.68 - 71.92 Lakh,"1,32,196"
Mercedes-Benz EQA,https://www.carandbike.com/mercedes-benz-cars/eqa,./carandbike.com_new-cars_models_6_files/mercedes-benz-eqa.webp,1,₹ 67.2 Lakh,"1,39,496"
Mercedes-Benz EQB,https://www.carandbike.com/mercedes-benz-cars/eqb,./carandbike.com_new-cars_models_6_files/mercedes-benz-eqb.webp,2,₹ 67.2 - 78.9 Lakh,"1,39,496"
Ferrari Purosangue SUV,https://www.carandbike.com/ferrari-cars/purosangue-suv,./carandbike.com_new-cars_models_6_files/ferrari-purosangue-suv.webp,1,₹ 9.93 Crore,"20,61,810"
Force Motors Trax Cruiser,https://www.carandbike.com/force-motors-cars/trax-cruiser,./carandbike.com_new-cars_models_6_files/force-motors-trax-cruiser.webp,4,₹ 16.24 - 17.9 Lakh,"33,710"
Toyota Urban Cruiser Taisor,https://www.carandbike.com/toyota-cars/urban-cruiser-taisor,./carandbike.com_new-cars_models_6_files/toyota-urban-cruiser-taisor.webp,12,₹ 7.21 - 12.06 Lakh,"14,971"
Hyundai Creta N Line,https://www.carandbike.com/hyundai-cars/creta-n-line,./carandbike.com_new-cars_models_6_files/hyundai-creta-n-line.webp,12,₹ 16.35 - 20.09 Lakh,"33,938"
BYD Seal,https://www.carandbike.com/byd-cars/seal,./carandbike.com_new-cars_models_6_files/byd-seal.webp,3,₹ 47.6 - 61.75 Lakh,"98,806"
Rolls-Royce Spectre,https://www.carandbike.com/rolls-royce-cars/spectre,./carandbike.com_new-cars_models_6_files/rolls-royce-spectre.webp,2,₹ 8.71 - 11.04 Crore,"18,08,811"
Lexus LM 350,https://www.carandbike.com/lexus-cars/lm,./carandbike.com_new-cars_models_6_files/lexus-lm.webp,2,₹ 2.15 - 2.69 Crore,"4,47,093"
Aston Martin DB12,https://www.carandbike.com/aston-martin-cars/db12,./carandbike.com_new-cars_models_6_files/aston-martin-db12.webp,1,₹ 4.34 Crore,"9,01,305"
BMW iX1,https://www.carandbike.com/bmw-cars/ix1,./carandbike.com_new-cars_models_6_files/bmw-ix1.webp,1,₹ 77.6 Lakh,"1,61,089"
Mercedes-Benz EQE SUV,https://www.carandbike.com/mercedes-benz-cars/eqe-suv,./carandbike.com_new-cars_models_6_files/mercedes-benz-eqe-suv.webp,1,₹ 1.41 Crore,"2,93,523"
Volvo C40 Recharge,https://www.carandbike.com/volvo-cars/c40-recharge,./carandbike.com_new-cars_models_6_files/volvo-c40-recharge.webp,1,₹ 73.02 Lakh,"1,51,578"
Audi Q8 E-Tron Sportback,https://www.carandbike.com/audi-cars/q8-e-tron-sportback,./carandbike.com_new-cars_models_6_files/audi-q8-e-tron-sportback.webp,2,₹ 1.19 - 1.32 Crore,"2,47,502"
Audi Q8 E-Tron,https://www.carandbike.com/audi-cars/q8-e-tron,./carandbike.com_new-cars_models_6_files/audi-q8-e-tron.webp,2,₹ 1.33 - 1.47 Crore,"2,76,708"
Mercedes-AMG SL-Class,https://www.carandbike.com/mercedes-amg-cars/sl-class,./carandbike.com_new-cars_models_6_files/mercedes-amg-sl-class.webp,1,₹ 2.47 Crore,"5,13,147"
Mercedes-AMG GT 4-Door Coupe,https://www.carandbike.com/mercedes-amg-cars/gt-4-door-coupe,./carandbike.com_new-cars_models_6_files/mercedes-amg-gt-4-door-coupe.webp,1,₹ 3.34 Crore,"6,93,329"
Maruti Suzuki Grand Vitara,https://www.carandbike.com/maruti-suzuki-cars/grand-vitara,./carandbike.com_new-cars_models_6_files/maruti-suzuki-grand-vitara.webp,27,₹ 11.03 - 19.66 Lakh,"22,889"
Mercedes-AMG EQS,https://www.carandbike.com/mercedes-amg-cars/eqs,./carandbike.com_new-cars_models_6_files/mercedes-amg-eqs.webp,1,₹ 1.88 Crore,"3,90,068"
Toyota Fortuner Legender,https://www.carandbike.com/toyota-cars/fortuner-legender,./carandbike.com_new-cars_models_6_files/toyota-fortuner-legender.webp,4,₹ 41.54 - 46.75 Lakh,"86,234"
MINI Cooper S Convertible,https://www.carandbike.com/mini-cars/cooper-s-convertible,./carandbike.com_new-cars_models_6_files/mini-cooper-s-convertible.webp,1,₹ 58.5 Lakh,"1,21,436"
Mahindra XEV 9S,https://www.carandbike.com/mahindra-cars/xev-9s,./carandbike.com_new-cars_models_6_files/mahindra-xev-9s.jpeg,6,₹ 19.95 - 29.45 Lakh,"41,413"
Tata Sierra,https://www.carandbike.com/tata-cars/sierra,./carandbike.com_new-cars_models_6_files/tata-sierra.webp,17,₹ 11.49 - 18.49 Lakh,"23,851"
Mahindra Thar 2025,https://www.carandbike.com/mahindra-cars/thar,./carandbike.com_new-cars_models_6_files/mahindra-thar.jpeg,7,₹ 9.99 - 16.99 Lakh,"20,738"
New Honda 2025 Amaze,https://www.carandbike.com/honda-cars/2025-amaze,./carandbike.com_new-cars_models_6_files/honda-2025-amaze.webp,6,₹ 7.41 - 10 Lakh,"15,378"
Mahindra XEV 9e,https://www.carandbike.com/mahindra-cars/xev-9e,./carandbike.com_new-cars_models_6_files/mahindra-xev-9e.jpeg,17,₹ 21.9 - 32 Lakh,"45,461"
Mahindra BE 6,https://www.carandbike.com/mahindra-cars/be-6e,./carandbike.com_new-cars_models_6_files/mahindra-be-6e.webp,25,₹ 18.9 - 28.4 Lakh,"39,233"
Mahindra Thar Roxx,https://www.carandbike.com/mahindra-cars/thar-roxx,./carandbike.com_new-cars_models_6_files/mahindra-thar-roxx.jpeg,25,₹ 12.25 - 22.06 Lakh,"25,431"
MINI Cooper S 2025,https://www.carandbike.com/mini-cars/cooper-s-2024,./carandbike.com_new-cars_models_6_files/mini-cooper-s-2024.jpeg,4,₹ 49.68 - 61.85 Lakh,"1,03,134"
Mercedes-Maybach GLS,https://www.carandbike.com/mercedes-maybach-cars/gls,./carandbike.com_new-cars_models_6_files/mercedes-maybach-gls.webp,2,₹ 3.39 - 3.46 Crore,"7,03,916"
Mahindra XUV 3XO,https://www.carandbike.com/mahindra-cars/xuv-3xo,./carandbike.com_new-cars_models_6_files/mahindra-xuv-3xo.webp,29,₹ 7.28 - 14.4 Lakh,"15,118"
Mahindra Bolero Neo Plus,https://www.carandbike.com/mahindra-cars/bolero-neo-plus,./carandbike.com_new-cars_models_6_files/mahindra-bolero-neo-plus.webp,2,₹ 10.77 - 11.8 Lakh,"22,348"
Mercedes-Benz G-Class,https://www.carandbike.com/mercedes-benz-cars/g-class,./carandbike.com_new-cars_models_6_files/mercedes-benz-g-class.webp,3,₹ 2.38 - 2.9 Crore,"4,94,049"
Mercedes-AMG A 45,https://www.carandbike.com/mercedes-amg-cars/a-45,./carandbike.com_new-cars_models_6_files/mercedes-amg-a-45.webp,1,₹ 1 Crore,"2,06,495"
Maruti Suzuki Brezza,https://www.carandbike.com/maruti-suzuki-cars/brezza,./carandbike.com_new-cars_models_6_files/maruti-suzuki-brezza.webp,15,₹ 8.26 - 13.01 Lakh,"17,144"
Hyundai Aura,https://www.carandbike.com/hyundai-cars/aura,./carandbike.com_new-cars_models_6_files/hyundai-aura.webp,11,₹ 5.98 - 8.42 Lakh,"12,420"
Mercedes-Benz EQS,https://www.carandbike.com/mercedes-benz-cars/eqs,./carandbike.com_new-cars_models_6_files/mercedes-benz-eqs.webp,2,₹ 1.51 - 1.8 Crore,"3,13,019"
Audi RS E-Tron GT,https://www.carandbike.com/audi-cars/rs-e-tron-gt,./carandbike.com_new-cars_models_6_files/audi-rs-e-tron-gt.webp,1,₹ 2.37 Crore,"4,92,518"
Mercedes-Benz A-Class Limousine,https://www.carandbike.com/mercedes-benz-cars/a-class-limousine,./carandbike.com_new-cars_models_6_files/mercedes-benz-a-class-limousine.webp,2,₹ 46.05 - 48.55 Lakh,"95,592"
Porsche Cayenne Coupe,https://www.carandbike.com/porsche-cars/cayenne-coupe,./carandbike.com_new-cars_models_6_files/porsche-cayenne-coupe.webp,3,₹ 1.76 - 2.38 Crore,"3,65,784"
Rolls-Royce Cullinan,https://www.carandbike.com/rolls-royce-cars/cullinan,./carandbike.com_new-cars_models_6_files/rolls-royce-cullinan.webp,3,₹ 1.19 - 7.9 Crore,"2,47,792"
Aston Martin Vantage,https://www.carandbike.com/aston-martin-cars/vantage,./carandbike.com_new-cars_models_6_files/aston-martin-vantage.webp,1,₹ 3.77 Crore,"7,83,488"
