title,link,image_link,variants,exshowroom_price,emi_starts_at
Hero Vida Dirt.E K3,https://www.carandbike.com/hero-bikes/vida-dirte-k3,,,,
Harley-Davidson CVO Street Glide,https://www.carandbike.com/harley-davidson-bikes/cvo-street-glide,,,,
Harley-Davidson CVO Road Glide,https://www.carandbike.com/harley-davidson-bikes/cvo-road-glide,,,,
Harley-Davidson X440 T,https://www.carandbike.com/harley-davidson-bikes/x440-t,,,,
Kawasaki Z1100,https://www.carandbike.com/kawasaki-bikes/z1100,,,,
Yamaha FZ Rave,https://www.carandbike.com/yamaha-bikes/fz-rave,,,,
Numeros n-First,https://www.carandbike.com/numeros-bikes/n-first,,,,
Triumph Speed Triple 1200 RX,https://www.carandbike.com/triumph-bikes/speed-triple-1200-rx,,,,
TVS Apache RTX 300,https://www.carandbike.com/tvs-bikes/apache-rtx-300,,,,
VLF Mobster 135,https://www.carandbike.com/vlf-bikes/mobster-135,,,,
Hero Super Splendor,https://www.carandbike.com/hero-bikes/super-splendor,,,,
Honda Activa 125 FI,https://www.carandbike.com/honda-bikes/activa-125-fi,,,,
TVS Radeon,https://www.carandbike.com/tvs-bikes/radeon,,,,
Bajaj Platina 100,https://www.carandbike.com/bajaj-bikes/platina-100,,,,
Honda Shine 100,https://www.carandbike.com/honda-bikes/shine-100,,,,
Honda Dio 125,https://www.carandbike.com/honda-bikes/dio-125,,,,
Suzuki Burgman,https://www.carandbike.com/suzuki-bikes/burgman,,,,
Hero HF Deluxe,https://www.carandbike.com/hero-bikes/hf-deluxe,,,,
Ampere Zeal Ex,https://www.carandbike.com/ampere-bikes/zeal-ex,,,,
Hop Electric LEO,https://www.carandbike.com/hop-electric-bikes/leo,,,,
TVS Ronin,https://www.carandbike.com/tvs-bikes/ronin,,,,
Honda CB 350 RS,https://www.carandbike.com/honda-bikes/cb-350-rs,,,,
KTM 160 Duke,https://www.carandbike.com/ktm-bikes/160-duke,,,,
Yamaha R15S V3.0,https://www.carandbike.com/yamaha-bikes/r15s-v30,,,,
Hero Xtreme 160R 4V,https://www.carandbike.com/hero-bikes/xtreme-160r-4v,,,,
Suzuki Burgman Street EX,https://www.carandbike.com/suzuki-bikes/burgman-street-ex,,,,
Bajaj Pulsar 220,https://www.carandbike.com/bajaj-bikes/pulsar-220,,,,
Okaya Faast F4,https://www.carandbike.com/okaya-bikes/faast-f4,,,,
Okaya Ferrato Disruptor,https://www.carandbike.com/okaya-bikes/ferrato-disruptor,,,,
EeVe Soul,https://www.carandbike.com/eeve-bikes/soul,,,,
TVS Apache RR 310,https://www.carandbike.com/tvs-bikes/apache-rr-310,,,,
Yezdi Adventure,https://www.carandbike.com/yezdi-bikes/adventure,,,,
RapteeHV T 30,https://www.carandbike.com/rapteehv-bikes/t-30,,,,
KTM 390 Duke,https://www.carandbike.com/ktm-bikes/390-duke,,,,
BMW G 310 RR,https://www.carandbike.com/bmw-bikes/g-310-rr,,,,
Harley-Davidson X440,https://www.carandbike.com/harley-davidson-bikes/x440,,,,
KTM 250 Adventure,https://www.carandbike.com/ktm-bikes/250-adventure,,,,
KTM 390 Adventure X 2025,https://www.carandbike.com/ktm-bikes/390-adventure-x-2025,,,,
KTM 250 Adventure 2025,https://www.carandbike.com/ktm-bikes/250-adventure-2025,,,,
Suzuki Hayabusa,https://www.carandbike.com/suzuki-bikes/hayabusa,,,,
Yezdi Scrambler,https://www.carandbike.com/yezdi-bikes/scrambler,,,,
JAWA 42,https://www.carandbike.com/jawa-bikes/42,,,,
Honda CB350,https://www.carandbike.com/honda-bikes/cb350,,,,
Indian Scout Sixty Limited,https://www.carandbike.com/indian-bikes/scout-sixty-limited,,,,
Indian Chief Bobber Dark Horse,https://www.carandbike.com/indian-bikes/chief-bobber-dark-horse,,,,
Triumph Bonneville T100,https://www.carandbike.com/triumph-bikes/bonneville-t100,,,,
Royal Enfield Bullet 350,https://www.carandbike.com/royal-enfield-bikes/bullet-350,,,,
Ather 450S,https://www.carandbike.com/ather-bikes/450s,,,,
Ather Rizta,https://www.carandbike.com/ather-bikes/rizta,,,,
BMW F 450 GS,https://www.carandbike.com/bmw-bikes/f-450-gs,,,,
Yamaha Nmax 155,https://www.carandbike.com/yamaha-bikes/nmax-155,,,,
Zeno Emara ADV,https://www.carandbike.com/zeno-bikes/emara-adv,,,,
Triumph Tracker 400,https://www.carandbike.com/triumph-bikes/tracker-400,,,,
Yamaha YZF MT-07,https://www.carandbike.com/yamaha-bikes/yzf-mt-07,,,,
Honda Activa 7G,https://www.carandbike.com/honda-bikes/activa-7g,,,,
Hero Karizma XMR 250,https://www.carandbike.com/hero-bikes/karizma-xmr-250,,,,
Suzuki Hayabusa 2026,https://www.carandbike.com/suzuki-bikes/hayabusa-2026,,,,
Yamaha YZF R9,https://www.carandbike.com/yamaha-bikes/yzf-r9,,,,
Hero Xpulse 421,https://www.carandbike.com/hero-bikes/xpulse-421,,,,
Benelli 752S,https://www.carandbike.com/benelli-bikes/752s,,,,
Royal Enfield Flying Flea C6,https://www.carandbike.com/royal-enfield-bikes/flying-flea-c6,,,,
Royal Enfield Scrambler 450,https://www.carandbike.com/royal-enfield-bikes/scrambler-450,,,,
Triumph Tiger Sport 800,https://www.carandbike.com/triumph-bikes/tiger-sport-800,,,,
Yamaha YZF R7,https://www.carandbike.com/yamaha-bikes/yzf-r7,,,,
Yamaha Tenere 700,https://www.carandbike.com/yamaha-bikes/tenere-700,,,,
Royal Enfield Bullet 650 Twin,https://www.carandbike.com/royal-enfield-bikes/bullet-650-twin,,,,
Honda X-ADV 150,https://www.carandbike.com/honda-bikes/x-adv-150,,,,
Royal Enfield Continental GT 450,https://www.carandbike.com/royal-enfield-bikes/continental-gt-450,,,,
Royal Enfield Bullet 650,https://www.carandbike.com/royal-enfield-bikes/bullet-650,,,,
Royal Enfield Himalayan 750,https://www.carandbike.com/royal-enfield-bikes/himalayan-750,,,,
Royal Enfield E Himalayan,https://www.carandbike.com/royal-enfield-bikes/e-himalayan,,,,
Royal Enfield Flying Flea S6 Scrambler,https://www.carandbike.com/royal-enfield-bikes/flying-flea-s6-scrambler,,,,
View All,https://www.carandbike.com/hero-bikes/dealers-in-new-delhi,,,,
Yamaha MT 15,https://www.carandbike.com/yamaha-bikes/mt-15,,,,
Classic 350,https://www.carandbike.com/royal-enfield-bikes/classic-350,,,,
Royal Enfield Hunter 350,https://www.carandbike.com/royal-enfield-bikes/hunter-350,,,,
Continental GT 650,https://www.carandbike.com/royal-enfield-bikes/continental-gt-650,,,,
Bajaj Pulsar 150,https://www.carandbike.com/bajaj-bikes/pulsar-150,,,,
Honda SP 125,https://www.carandbike.com/honda-bikes/sp-125,,,,
YZF R15 V4.0,https://www.carandbike.com/yamaha-bikes/yzf-r15-v40,,,,
Bajaj Pulsar 125,https://www.carandbike.com/bajaj-bikes/pulsar-125,,,,
